title,doi,pmid,score,relative_citation_ratio,weighted_sum_of_stars,evaluation,recom_date,author,classifications
EAPB0503: An Imiquimod analog with potent in vitro activity against cutaneous leishmaniasis caused by Leishmania major and Leishmania tropica.,https://doi.org/10.1371/journal.pntd.0006854,30462645,Score 4.7,.icon_cite_svg__icon_cite.icon_cite_svg__a{fill:#263745} Relative citation ratio: 1.43, Weighted sum of stars: 1.0,Good,8-Dec-20,El Hajj R et al.,New Finding
Topical paromomycin for New World cutaneous leishmaniasis.,https://doi.org/10.1371/journal.pntd.0007253,31048871,Score 4.9,.icon_cite_svg__icon_cite.icon_cite_svg__a{fill:#263745} Relative citation ratio: 4.76, Weighted sum of stars: 1.0,Good,8-Dec-20,Sosa N et al.,New Finding
"Efficacy and safety of praziquantel and dihydroartemisinin piperaquine combination for treatment and control of intestinal schistosomiasis: A randomized, non-inferiority clinical trial.",https://doi.org/10.1371/journal.pntd.0008619,32966290,Score 18.5,.icon_cite_svg__icon_cite.icon_cite_svg__a{fill:#263745} Relative citation ratio: 1.66, Weighted sum of stars: 4.0,Exceptional,8-Nov-20,Mnkugwe RH et al.,Good for Teaching
"Efficacy and safety of praziquantel and dihydroartemisinin piperaquine combination for treatment and control of intestinal schistosomiasis: A randomized, non-inferiority clinical trial.",https://doi.org/10.1371/journal.pntd.0008619,32966290,Score 18.5,.icon_cite_svg__icon_cite.icon_cite_svg__a{fill:#263745} Relative citation ratio: 1.66, Weighted sum of stars: 4.0,Exceptional,8-Nov-20,Mnkugwe RH et al.,New Finding
"Efficacy and safety of praziquantel and dihydroartemisinin piperaquine combination for treatment and control of intestinal schistosomiasis: A randomized, non-inferiority clinical trial.",https://doi.org/10.1371/journal.pntd.0008619,32966290,Score 18.5,.icon_cite_svg__icon_cite.icon_cite_svg__a{fill:#263745} Relative citation ratio: 1.66, Weighted sum of stars: 4.0,Exceptional,8-Nov-20,Mnkugwe RH et al.,Novel Drug Target
Genomic loss in environmental and isogenic morphotype isolates of Burkholderia pseudomallei is associated with intracellular survival and plaque-forming efficiency.,https://doi.org/10.1371/journal.pntd.0008590,32991584,Score 9.2,.icon_cite_svg__icon_cite.icon_cite_svg__a{fill:#263745} Relative citation ratio: 0.36, Weighted sum of stars: 2.0,Very Good,18-Oct-20,Saiprom N et al.,Interesting Hypothesis
Genomic loss in environmental and isogenic morphotype isolates of Burkholderia pseudomallei is associated with intracellular survival and plaque-forming efficiency.,https://doi.org/10.1371/journal.pntd.0008590,32991584,Score 9.2,.icon_cite_svg__icon_cite.icon_cite_svg__a{fill:#263745} Relative citation ratio: 0.36, Weighted sum of stars: 2.0,Very Good,18-Oct-20,Saiprom N et al.,New Finding
"Vivaxin genes encode highly immunogenic, non-variant antigens on the Trypanosoma vivax cell-surface.",https://doi.org/10.1371/journal.pntd.0010791,36129968,Score 4.6,".css-twbpb3{margin-right:0.25rem;display:inline;height:0.625rem;width:0.625rem;fill:rgb(124, 0, 61);vertical-align:baseline;} Weighted sum of stars: 1.0",,Good,6-Jul-23,Romero-Ramirez A et al.,Negative / Null Results
Healthcare demand in response to rabies elimination campaigns in Latin America.,https://doi.org/10.1371/journal.pntd.0007630,31557160,Score 4.7,.icon_cite_svg__icon_cite.icon_cite_svg__a{fill:#263745} Relative citation ratio: 1.13, Weighted sum of stars: 1.0,Good,14-Oct-20,Yoder J et al.,Confirmation
Origins of the arctic fox variant rabies viruses responsible for recent cases of the disease in southern Ontario.,https://doi.org/10.1371/journal.pntd.0007699,31490919,Score 4.7,.icon_cite_svg__icon_cite.icon_cite_svg__a{fill:#263745} Relative citation ratio: 1, Weighted sum of stars: 1.0,Good,11-Oct-20,"Nadin-Davis SA, Fehlner-Gardiner C",New Finding
"Vivaxin genes encode highly immunogenic, non-variant antigens on the Trypanosoma vivax cell-surface.",https://doi.org/10.1371/journal.pntd.0010791,36129968,Score 4.6,".css-twbpb3{margin-right:0.25rem;display:inline;height:0.625rem;width:0.625rem;fill:rgb(124, 0, 61);vertical-align:baseline;} Weighted sum of stars: 1.0",,Good,6-Jul-23,Romero-Ramirez A et al.,New Finding
Loss in lung volume and changes in the immune response demonstrate disease progression in African green monkeys infected by small-particle aerosol and intratracheal exposure to Nipah virus.,https://doi.org/10.1371/journal.pntd.0005532,28388650,Score 4.7,.icon_cite_svg__icon_cite.icon_cite_svg__a{fill:#263745} Relative citation ratio: 1.39, Weighted sum of stars: 1.0,Good,6-Oct-19,Cong Y et al.,Good for Teaching
Loss in lung volume and changes in the immune response demonstrate disease progression in African green monkeys infected by small-particle aerosol and intratracheal exposure to Nipah virus.,https://doi.org/10.1371/journal.pntd.0005532,28388650,Score 4.7,.icon_cite_svg__icon_cite.icon_cite_svg__a{fill:#263745} Relative citation ratio: 1.39, Weighted sum of stars: 1.0,Good,6-Oct-19,Cong Y et al.,New Finding
"Ecology and epidemiology of rabies in humans, domestic animals and wildlife in Namibia, 2011-2017.",https://doi.org/10.1371/journal.pntd.0007355,30990805,Score 4.8,.icon_cite_svg__icon_cite.icon_cite_svg__a{fill:#263745} Relative citation ratio: 2.72, Weighted sum of stars: 1.0,Good,8-Oct-20,Hikufe EH et al.,New Finding
Loss in lung volume and changes in the immune response demonstrate disease progression in African green monkeys infected by small-particle aerosol and intratracheal exposure to Nipah virus.,https://doi.org/10.1371/journal.pntd.0005532,28388650,Score 4.7,.icon_cite_svg__icon_cite.icon_cite_svg__a{fill:#263745} Relative citation ratio: 1.39, Weighted sum of stars: 1.0,Good,6-Oct-19,Cong Y et al.,Technical Advance
Rabies-induced behavioural changes are key to rabies persistence in dog populations: Investigation using a network-based model.,https://doi.org/10.1371/journal.pntd.0007739,31545810,Score 4.7,.icon_cite_svg__icon_cite.icon_cite_svg__a{fill:#263745} Relative citation ratio: 1.8, Weighted sum of stars: 1.0,Good,8-Oct-20,Brookes VJ et al.,New Finding
Host gene expression profiles in ferrets infected with genetically distinct henipavirus strains.,https://doi.org/10.1371/journal.pntd.0006343,29538374,Score 4.6,.icon_cite_svg__icon_cite.icon_cite_svg__a{fill:#263745} Relative citation ratio: 0.83, Weighted sum of stars: 1.0,Good,6-Oct-19,Leon AJ et al.,New Finding
Determining the post-elimination level of vaccination needed to prevent re-establishment of dog rabies.,https://doi.org/10.1371/journal.pntd.0007869,31790398,Score 4.7,.icon_cite_svg__icon_cite.icon_cite_svg__a{fill:#263745} Relative citation ratio: 1.41, Weighted sum of stars: 1.0,Good,5-Oct-20,Jeon S et al.,New Finding
Melioidosis DS rapid test: A standardized serological dipstick assay with increased sensitivity and reliability due to multiplex detection.,https://doi.org/10.1371/journal.pntd.0008452,32658917,Score 9.3,.icon_cite_svg__icon_cite.icon_cite_svg__a{fill:#263745} Relative citation ratio: 1.05, Weighted sum of stars: 2.0,Very Good,27-Aug-20,Wagner GE et al.,Confirmation
Melioidosis DS rapid test: A standardized serological dipstick assay with increased sensitivity and reliability due to multiplex detection.,https://doi.org/10.1371/journal.pntd.0008452,32658917,Score 9.3,.icon_cite_svg__icon_cite.icon_cite_svg__a{fill:#263745} Relative citation ratio: 1.05, Weighted sum of stars: 2.0,Very Good,27-Aug-20,Wagner GE et al.,New Finding
The phosphatidylinositol-3-phosphate 5-kinase inhibitor apilimod blocks filoviral entry and infection.,https://doi.org/10.1371/journal.pntd.0005540,28403145,Score 4.8,.icon_cite_svg__icon_cite.icon_cite_svg__a{fill:#263745} Relative citation ratio: 3.22, Weighted sum of stars: 1.0,Good,29-Aug-19,Nelson EA et al.,New Finding
Protective versus pathologic pre-exposure cytokine profiles in dengue virus infection.,https://doi.org/10.1371/journal.pntd.0006975,30557313,Score 4.7,.icon_cite_svg__icon_cite.icon_cite_svg__a{fill:#263745} Relative citation ratio: 0.98, Weighted sum of stars: 1.0,Good,17-Jul-19,Friberg H et al.,New Finding
"Zebra skin odor repels the savannah tsetse fly, Glossina pallidipes (Diptera: Glossinidae).",https://doi.org/10.1371/journal.pntd.0007460,31181060,Score 9.3,.icon_cite_svg__icon_cite.icon_cite_svg__a{fill:#263745} Relative citation ratio: 1.37, Weighted sum of stars: 2.0,Very Good,8-Jul-19,Olaide OY et al.,Controversial
"Zebra skin odor repels the savannah tsetse fly, Glossina pallidipes (Diptera: Glossinidae).",https://doi.org/10.1371/journal.pntd.0007460,31181060,Score 9.3,.icon_cite_svg__icon_cite.icon_cite_svg__a{fill:#263745} Relative citation ratio: 1.37, Weighted sum of stars: 2.0,Very Good,8-Jul-19,Olaide OY et al.,Good for Teaching
"Zebra skin odor repels the savannah tsetse fly, Glossina pallidipes (Diptera: Glossinidae).",https://doi.org/10.1371/journal.pntd.0007460,31181060,Score 9.3,.icon_cite_svg__icon_cite.icon_cite_svg__a{fill:#263745} Relative citation ratio: 1.37, Weighted sum of stars: 2.0,Very Good,8-Jul-19,Olaide OY et al.,Interesting Hypothesis
"Zebra skin odor repels the savannah tsetse fly, Glossina pallidipes (Diptera: Glossinidae).",https://doi.org/10.1371/journal.pntd.0007460,31181060,Score 9.3,.icon_cite_svg__icon_cite.icon_cite_svg__a{fill:#263745} Relative citation ratio: 1.37, Weighted sum of stars: 2.0,Very Good,8-Jul-19,Olaide OY et al.,New Finding
"Human T-Lymphotropic Virus type 1c subtype proviral loads, chronic lung disease and survival in a prospective cohort of Indigenous Australians.",https://doi.org/10.1371/journal.pntd.0006281,29529032,Score 4.7,.icon_cite_svg__icon_cite.icon_cite_svg__a{fill:#263745} Relative citation ratio: 2.33, Weighted sum of stars: 1.0,Good,19-Feb-19,Einsiedel L et al.,New Finding
The impact and cost-effectiveness of controlling cholera through the use of oral cholera vaccines in urban Bangladesh: A disease modeling and economic analysis.,https://doi.org/10.1371/journal.pntd.0006652,30300420,Score 4.7,.icon_cite_svg__icon_cite.icon_cite_svg__a{fill:#263745} Relative citation ratio: 1.42, Weighted sum of stars: 1.0,Good,17-Apr-19,Khan AI et al.,New Finding
Scrub typhus point-of-care testing: A systematic review and meta-analysis.,https://doi.org/10.1371/journal.pntd.0006330,29579046,Score 9.4,.icon_cite_svg__icon_cite.icon_cite_svg__a{fill:#263745} Relative citation ratio: 3.2, Weighted sum of stars: 2.0,Very Good,14-Apr-19,Saraswati K et al.,Confirmation
Genetic characterization of Lassa virus strains isolated from 2012 to 2016 in southeastern Nigeria.,https://doi.org/10.1371/journal.pntd.0006971,30500827,Score 4.7,.icon_cite_svg__icon_cite.icon_cite_svg__a{fill:#263745} Relative citation ratio: 1.47, Weighted sum of stars: 1.0,Good,20-Jan-19,Oloniniyi OK et al.,New Finding
Beneficial effects of benznidazole in Chagas disease: NIH SaMi-Trop cohort study.,https://doi.org/10.1371/journal.pntd.0006814,30383777,Score 9.4,.icon_cite_svg__icon_cite.icon_cite_svg__a{fill:#263745} Relative citation ratio: 4.01, Weighted sum of stars: 2.0,Very Good,19-Nov-18,Cardoso CS et al.,Confirmation
Seroepidemiological Studies of Crimean-Congo Hemorrhagic Fever Virus in Domestic and Wild Animals.,https://doi.org/10.1371/journal.pntd.0004210,26741652,Score 18.8,.icon_cite_svg__icon_cite.icon_cite_svg__a{fill:#263745} Relative citation ratio: 7.3, Weighted sum of stars: 4.0,Exceptional,16-Oct-18,Spengler JR et al.,Good for Teaching
Long-lived CD8+ T cell responses following Crimean-Congo haemorrhagic fever virus infection.,https://doi.org/10.1371/journal.pntd.0006149,29261651,Score 4.7,.icon_cite_svg__icon_cite.icon_cite_svg__a{fill:#263745} Relative citation ratio: 1.55, Weighted sum of stars: 1.0,Good,16-Oct-18,Goedhals D et al.,New Finding
Scrub typhus point-of-care testing: A systematic review and meta-analysis.,https://doi.org/10.1371/journal.pntd.0006330,29579046,Score 9.4,.icon_cite_svg__icon_cite.icon_cite_svg__a{fill:#263745} Relative citation ratio: 3.2, Weighted sum of stars: 2.0,Very Good,14-Apr-19,Saraswati K et al.,Good for Teaching
Development of a preliminary in vitro drug screening assay based on a newly established culturing system for pre-adult fifth-stage Onchocerca volvulus worms.,https://doi.org/10.1371/journal.pntd.0007108,30653499,Score 9.3,.icon_cite_svg__icon_cite.icon_cite_svg__a{fill:#263745} Relative citation ratio: 1.8, Weighted sum of stars: 2.0,Very Good,17-Mar-19,Voronin D et al.,New Finding
Release of Small RNA-containing Exosome-like Vesicles from the Human Filarial Parasite Brugia malayi.,https://doi.org/10.1371/journal.pntd.0004069,26401956,Score 4.8,.icon_cite_svg__icon_cite.icon_cite_svg__a{fill:#263745} Relative citation ratio: 4.35, Weighted sum of stars: 1.0,Good,15-Oct-18,Zamanian M et al.,New Finding
"Global ""worming"": Climate change and its projected general impact on human helminth infections.",https://doi.org/10.1371/journal.pntd.0006370,30024871,Score 9.4,.icon_cite_svg__icon_cite.icon_cite_svg__a{fill:#263745} Relative citation ratio: 2.82, Weighted sum of stars: 2.0,Very Good,29-Aug-18,"Blum AJ, Hotez PJ",Good for Teaching
Development of a preliminary in vitro drug screening assay based on a newly established culturing system for pre-adult fifth-stage Onchocerca volvulus worms.,https://doi.org/10.1371/journal.pntd.0007108,30653499,Score 9.3,.icon_cite_svg__icon_cite.icon_cite_svg__a{fill:#263745} Relative citation ratio: 1.8, Weighted sum of stars: 2.0,Very Good,17-Mar-19,Voronin D et al.,Technical Advance
Cytoplasmic Localization of HTLV-1 HBZ Protein: A Biomarker of HTLV-1-Associated Myelopathy/Tropical Spastic Paraparesis (HAM/TSP).,https://doi.org/10.1371/journal.pntd.0005285,28095504,Score 4.7,.icon_cite_svg__icon_cite.icon_cite_svg__a{fill:#263745} Relative citation ratio: 1.27, Weighted sum of stars: 1.0,Good,19-Feb-19,Baratella M et al.,New Finding
"Global ""worming"": Climate change and its projected general impact on human helminth infections.",https://doi.org/10.1371/journal.pntd.0006370,30024871,Score 9.4,.icon_cite_svg__icon_cite.icon_cite_svg__a{fill:#263745} Relative citation ratio: 2.82, Weighted sum of stars: 2.0,Very Good,29-Aug-18,"Blum AJ, Hotez PJ",Interesting Hypothesis
A poor-quality generic drug for the treatment of visceral leishmaniasis: a case report and appeal.,https://doi.org/10.1371/journal.pntd.0001544,22666507,Score 18.5,.icon_cite_svg__icon_cite.icon_cite_svg__a{fill:#263745} Relative citation ratio: 0.96, Weighted sum of stars: 4.0,Exceptional,23-Aug-18,Dorlo TP et al.,Good for Teaching
A poor-quality generic drug for the treatment of visceral leishmaniasis: a case report and appeal.,https://doi.org/10.1371/journal.pntd.0001544,22666507,Score 18.5,.icon_cite_svg__icon_cite.icon_cite_svg__a{fill:#263745} Relative citation ratio: 0.96, Weighted sum of stars: 4.0,Exceptional,23-Aug-18,Dorlo TP et al.,Negative / Null Results
A poor-quality generic drug for the treatment of visceral leishmaniasis: a case report and appeal.,https://doi.org/10.1371/journal.pntd.0001544,22666507,Score 18.5,.icon_cite_svg__icon_cite.icon_cite_svg__a{fill:#263745} Relative citation ratio: 0.96, Weighted sum of stars: 4.0,Exceptional,23-Aug-18,Dorlo TP et al.,New Finding
Rapid diagnostic tests for neglected infectious diseases: case study highlights need for customer awareness and postmarket surveillance.,https://doi.org/10.1371/journal.pntd.0004655,27812099,Score 9.2,.icon_cite_svg__icon_cite.icon_cite_svg__a{fill:#263745} Relative citation ratio: 0.75, Weighted sum of stars: 2.0,Very Good,31-Jul-18,Barbé B et al.,Confirmation
Rapid diagnostic tests for neglected infectious diseases: case study highlights need for customer awareness and postmarket surveillance.,https://doi.org/10.1371/journal.pntd.0004655,27812099,Score 9.2,.icon_cite_svg__icon_cite.icon_cite_svg__a{fill:#263745} Relative citation ratio: 0.75, Weighted sum of stars: 2.0,Very Good,31-Jul-18,Barbé B et al.,Controversial
A poor-quality generic drug for the treatment of visceral leishmaniasis: a case report and appeal.,https://doi.org/10.1371/journal.pntd.0001544,22666507,Score 18.5,.icon_cite_svg__icon_cite.icon_cite_svg__a{fill:#263745} Relative citation ratio: 0.96, Weighted sum of stars: 4.0,Exceptional,23-Aug-18,Dorlo TP et al.,Refutation
Basement membrane proteins as a substrate for efficient Trypanosoma brucei differentiation in vitro.,https://doi.org/10.1371/journal.pntd.0009284,33909626,Score 9.2,.css-x5u47{margin-right:0.25rem;display:inline;height:0.625rem;width:0.625rem;vertical-align:baseline;}.icon_cite_svg__icon_cite.icon_cite_svg__a{fill:#263745} Relative citation ratio: 0.24,".css-twbpb3{margin-right:0.25rem;display:inline;height:0.625rem;width:0.625rem;fill:rgb(124, 0, 61);vertical-align:baseline;} Weighted sum of stars: 2.0",Very Good,14-Apr-22,Rojas F et al.,New Finding
Rapid diagnostic tests for neglected infectious diseases: case study highlights need for customer awareness and postmarket surveillance.,https://doi.org/10.1371/journal.pntd.0004655,27812099,Score 9.2,.icon_cite_svg__icon_cite.icon_cite_svg__a{fill:#263745} Relative citation ratio: 0.75, Weighted sum of stars: 2.0,Very Good,31-Jul-18,Barbé B et al.,Good for Teaching
Implications of current therapeutic restrictions for primaquine and tafenoquine in the radical cure of vivax malaria.,https://doi.org/10.1371/journal.pntd.0006440,29677199,Score 4.7,.icon_cite_svg__icon_cite.icon_cite_svg__a{fill:#263745} Relative citation ratio: 2.43, Weighted sum of stars: 1.0,Good,25-Jul-18,Watson J et al.,New Finding
Activation of host transient receptor potential (TRP) channels by praziquantel stereoisomers.,https://doi.org/10.1371/journal.pntd.0006420,29668703,Score 9.3,.icon_cite_svg__icon_cite.icon_cite_svg__a{fill:#263745} Relative citation ratio: 0.9, Weighted sum of stars: 2.0,Very Good,3-Jul-18,Gunaratne GS et al.,New Finding
Clinical and microbiologic efficacy of the piperazine-based drug lead MMV665917 in the dairy calf cryptosporidiosis model.,https://doi.org/10.1371/journal.pntd.0006183,29309415,Score 4.7,.icon_cite_svg__icon_cite.icon_cite_svg__a{fill:#263745} Relative citation ratio: 1.56, Weighted sum of stars: 1.0,Good,23-Aug-18,Stebbins E et al.,New Finding
Development of a toolkit for piggyBac-mediated integrative transfection of the human filarial parasite Brugia malayi.,https://doi.org/10.1371/journal.pntd.0006509,29782496,Score 9.2,.icon_cite_svg__icon_cite.icon_cite_svg__a{fill:#263745} Relative citation ratio: 0.76, Weighted sum of stars: 2.0,Very Good,7-Aug-18,Liu C et al.,New Finding
Development of a toolkit for piggyBac-mediated integrative transfection of the human filarial parasite Brugia malayi.,https://doi.org/10.1371/journal.pntd.0006509,29782496,Score 9.2,.icon_cite_svg__icon_cite.icon_cite_svg__a{fill:#263745} Relative citation ratio: 0.76, Weighted sum of stars: 2.0,Very Good,7-Aug-18,Liu C et al.,Technical Advance
Activation of host transient receptor potential (TRP) channels by praziquantel stereoisomers.,https://doi.org/10.1371/journal.pntd.0006420,29668703,Score 9.3,.icon_cite_svg__icon_cite.icon_cite_svg__a{fill:#263745} Relative citation ratio: 0.9, Weighted sum of stars: 2.0,Very Good,3-Jul-18,Gunaratne GS et al.,Novel Drug Target
Joint ancestry and association test indicate two distinct pathogenic pathways involved in classical dengue fever and dengue shock syndrome.,https://doi.org/10.1371/journal.pntd.0006202,29447178,Score 9.2,.icon_cite_svg__icon_cite.icon_cite_svg__a{fill:#263745} Relative citation ratio: 0.65, Weighted sum of stars: 2.0,Very Good,3-Apr-18,Oliveira M et al.,Good for Teaching
Joint ancestry and association test indicate two distinct pathogenic pathways involved in classical dengue fever and dengue shock syndrome.,https://doi.org/10.1371/journal.pntd.0006202,29447178,Score 9.2,.icon_cite_svg__icon_cite.icon_cite_svg__a{fill:#263745} Relative citation ratio: 0.65, Weighted sum of stars: 2.0,Very Good,3-Apr-18,Oliveira M et al.,Interesting Hypothesis
Joint ancestry and association test indicate two distinct pathogenic pathways involved in classical dengue fever and dengue shock syndrome.,https://doi.org/10.1371/journal.pntd.0006202,29447178,Score 9.2,.icon_cite_svg__icon_cite.icon_cite_svg__a{fill:#263745} Relative citation ratio: 0.65, Weighted sum of stars: 2.0,Very Good,3-Apr-18,Oliveira M et al.,New Finding
Tegumentary leishmaniasis and coinfections other than HIV.,https://doi.org/10.1371/journal.pntd.0006125,29494584,Score 4.7,.icon_cite_svg__icon_cite.icon_cite_svg__a{fill:#263745} Relative citation ratio: 1.94, Weighted sum of stars: 1.0,Good,13-Mar-18,Martínez DY et al.,Confirmation
Tegumentary leishmaniasis and coinfections other than HIV.,https://doi.org/10.1371/journal.pntd.0006125,29494584,Score 4.7,.icon_cite_svg__icon_cite.icon_cite_svg__a{fill:#263745} Relative citation ratio: 1.94, Weighted sum of stars: 1.0,Good,13-Mar-18,Martínez DY et al.,Good for Teaching
West Nile Virus Spreads Transsynaptically within the Pathways of Motor Control: Anatomical and Ultrastructural Mapping of Neuronal Virus Infection in the Primate Central Nervous System.,https://doi.org/10.1371/journal.pntd.0004980,27617450,Score 4.7,.icon_cite_svg__icon_cite.icon_cite_svg__a{fill:#263745} Relative citation ratio: 0.9, Weighted sum of stars: 1.0,Good,11-Mar-18,Maximova OA et al.,Interesting Hypothesis
Efficacy of cryotherapy plus topical Juniperus excelsa M. Bieb cream versus cryotherapy plus placebo in the treatment of Old World cutaneous leishmaniasis: A triple-blind randomized controlled clinical trial.,https://doi.org/10.1371/journal.pntd.0005957,28981503,Score 9.3,.icon_cite_svg__icon_cite.icon_cite_svg__a{fill:#263745} Relative citation ratio: 1.28, Weighted sum of stars: 2.0,Very Good,21-Jan-18,Parvizi MM et al.,Good for Teaching
Efficacy of cryotherapy plus topical Juniperus excelsa M. Bieb cream versus cryotherapy plus placebo in the treatment of Old World cutaneous leishmaniasis: A triple-blind randomized controlled clinical trial.,https://doi.org/10.1371/journal.pntd.0005957,28981503,Score 9.3,.icon_cite_svg__icon_cite.icon_cite_svg__a{fill:#263745} Relative citation ratio: 1.28, Weighted sum of stars: 2.0,Very Good,21-Jan-18,Parvizi MM et al.,New Finding
Therapeutic administration of a recombinant human monoclonal antibody reduces the severity of chikungunya virus disease in rhesus macaques.,https://doi.org/10.1371/journal.pntd.0005637,28628616,Score 4.7,.icon_cite_svg__icon_cite.icon_cite_svg__a{fill:#263745} Relative citation ratio: 2.14, Weighted sum of stars: 1.0,Good,3-Dec-17,Broeckel R et al.,New Finding
"Efficacy and safety of available treatments for visceral leishmaniasis in Brazil: A multicenter, randomized, open label trial.",https://doi.org/10.1371/journal.pntd.0005706,28662034,Score 4.7,.icon_cite_svg__icon_cite.icon_cite_svg__a{fill:#263745} Relative citation ratio: 2.12, Weighted sum of stars: 1.0,Good,22-Oct-17,Romero GAS et al.,Confirmation
The epidemiology and geographic distribution of nontuberculous mycobacteria clinical isolates from sputum samples in the eastern region of China.,https://doi.org/10.1371/journal.pntd.0003623,25775117,Score 4.7,.icon_cite_svg__icon_cite.icon_cite_svg__a{fill:#263745} Relative citation ratio: 2.15, Weighted sum of stars: 1.0,Good,16-Nov-16,Shao Y et al.,Technical Advance
Rapid and Sensitive Multiplex Detection of Burkholderia pseudomallei-Specific Antibodies in Melioidosis Patients Based on a Protein Microarray Approach.,https://doi.org/10.1371/journal.pntd.0004847,27427979,Score 9.3,.icon_cite_svg__icon_cite.icon_cite_svg__a{fill:#263745} Relative citation ratio: 1.41, Weighted sum of stars: 2.0,Very Good,24-Oct-16,Kohler C et al.,New Finding
Efficacy and Safety of AmBisome in Combination with Sodium Stibogluconate or Miltefosine and Miltefosine Monotherapy for African Visceral Leishmaniasis: Phase II Randomized Trial.,https://doi.org/10.1371/journal.pntd.0004880,27627654,Score 4.8,.icon_cite_svg__icon_cite.icon_cite_svg__a{fill:#263745} Relative citation ratio: 3.13, Weighted sum of stars: 1.0,Good,18-May-17,Wasunna M et al.,Negative / Null Results
"Efficacy and safety of available treatments for visceral leishmaniasis in Brazil: A multicenter, randomized, open label trial.",https://doi.org/10.1371/journal.pntd.0005706,28662034,Score 4.7,.icon_cite_svg__icon_cite.icon_cite_svg__a{fill:#263745} Relative citation ratio: 2.12, Weighted sum of stars: 1.0,Good,22-Oct-17,Romero GAS et al.,Good for Teaching
"Larrea tridentata: A novel source for anti-parasitic agents active against Entamoeba histolytica, Giardia lamblia and Naegleria fowleri.",https://doi.org/10.1371/journal.pntd.0005832,28793307,Score 4.7,.icon_cite_svg__icon_cite.icon_cite_svg__a{fill:#263745} Relative citation ratio: 1.55, Weighted sum of stars: 1.0,Good,18-Oct-17,Bashyal B et al.,New Finding
Rapid and Sensitive Multiplex Detection of Burkholderia pseudomallei-Specific Antibodies in Melioidosis Patients Based on a Protein Microarray Approach.,https://doi.org/10.1371/journal.pntd.0004847,27427979,Score 9.3,.icon_cite_svg__icon_cite.icon_cite_svg__a{fill:#263745} Relative citation ratio: 1.41, Weighted sum of stars: 2.0,Very Good,24-Oct-16,Kohler C et al.,Technical Advance
"Ongoing Transmission of Onchocerca volvulus after 25 Years of Annual Ivermectin Mass Treatments in the Vina du Nord River Valley, in North Cameroon.",https://doi.org/10.1371/journal.pntd.0004392,26926855,Score 9.3,.icon_cite_svg__icon_cite.icon_cite_svg__a{fill:#263745} Relative citation ratio: 1.69, Weighted sum of stars: 2.0,Very Good,1-Aug-16,Eisenbarth A et al.,Good for Teaching
"Ongoing Transmission of Onchocerca volvulus after 25 Years of Annual Ivermectin Mass Treatments in the Vina du Nord River Valley, in North Cameroon.",https://doi.org/10.1371/journal.pntd.0004392,26926855,Score 9.3,.icon_cite_svg__icon_cite.icon_cite_svg__a{fill:#263745} Relative citation ratio: 1.69, Weighted sum of stars: 2.0,Very Good,1-Aug-16,Eisenbarth A et al.,Interesting Hypothesis
Transmission Dynamics of Visceral Leishmaniasis in the Indian Subcontinent - A Systematic Literature Review.,https://doi.org/10.1371/journal.pntd.0004896,27490264,Score 4.8,.icon_cite_svg__icon_cite.icon_cite_svg__a{fill:#263745} Relative citation ratio: 3.08, Weighted sum of stars: 1.0,Good,18-May-17,Hirve S et al.,
"Ongoing Transmission of Onchocerca volvulus after 25 Years of Annual Ivermectin Mass Treatments in the Vina du Nord River Valley, in North Cameroon.",https://doi.org/10.1371/journal.pntd.0004392,26926855,Score 9.3,.icon_cite_svg__icon_cite.icon_cite_svg__a{fill:#263745} Relative citation ratio: 1.69, Weighted sum of stars: 2.0,Very Good,1-Aug-16,Eisenbarth A et al.,New Finding
Quantifying the epidemiological impact of vector control on dengue.,https://doi.org/10.1371/journal.pntd.0004588,27227829,Score 9.4,.icon_cite_svg__icon_cite.icon_cite_svg__a{fill:#263745} Relative citation ratio: 2.73, Weighted sum of stars: 2.0,Very Good,19-Jun-16,Reiner RC et al.,Good for Teaching
Syndromic algorithms for detection of gambiense human African trypanosomiasis in South Sudan.,https://doi.org/10.1371/journal.pntd.0002003,23350005,Score 4.6,.icon_cite_svg__icon_cite.icon_cite_svg__a{fill:#263745} Relative citation ratio: 0.57, Weighted sum of stars: 1.0,Good,9-May-17,Palmer JJ et al.,New Finding
"Extensive genetic diversity, unique population structure and evidence of genetic exchange in the sexually transmitted parasite Trichomonas vaginalis.",https://doi.org/10.1371/journal.pntd.0001573,22479659,Score 14.0,.icon_cite_svg__icon_cite.icon_cite_svg__a{fill:#263745} Relative citation ratio: 2.75, Weighted sum of stars: 3.0,Very Good,4-Dec-12,Conrad MD et al.,Interesting Hypothesis
Exacerbated Leishmaniasis Caused by a Viral Endosymbiont can be Prevented by Immunization with Its Viral Capsid.,https://doi.org/10.1371/journal.pntd.0005240,28099431,Score 4.7,.icon_cite_svg__icon_cite.icon_cite_svg__a{fill:#263745} Relative citation ratio: 1.29, Weighted sum of stars: 1.0,Good,20-Mar-17,Castiglioni P et al.,New Finding
Quantifying the epidemiological impact of vector control on dengue.,https://doi.org/10.1371/journal.pntd.0004588,27227829,Score 9.4,.icon_cite_svg__icon_cite.icon_cite_svg__a{fill:#263745} Relative citation ratio: 2.73, Weighted sum of stars: 2.0,Very Good,19-Jun-16,Reiner RC et al.,Interesting Hypothesis
Serum metabolomics reveals serotonin as a predictor of severe dengue in the early phase of dengue fever.,https://doi.org/10.1371/journal.pntd.0004607,27055163,Score 9.3,.icon_cite_svg__icon_cite.icon_cite_svg__a{fill:#263745} Relative citation ratio: 2.5, Weighted sum of stars: 2.0,Very Good,19-Jun-16,Cui L et al.,Interesting Hypothesis
Cholesterol Corrects Altered Conformation of MHC-II Protein in Leishmania donovani Infected Macrophages: Implication in Therapy.,https://doi.org/10.1371/journal.pntd.0004710,27214205,Score 9.3,.icon_cite_svg__icon_cite.icon_cite_svg__a{fill:#263745} Relative citation ratio: 0.97, Weighted sum of stars: 2.0,Very Good,16-Mar-17,Roy K et al.,New Finding
Low Protective Efficacy of the Current Japanese Encephalitis Vaccine against the Emerging Genotype 5 Japanese Encephalitis Virus.,https://doi.org/10.1371/journal.pntd.0004686,27139722,Score 9.4,.icon_cite_svg__icon_cite.icon_cite_svg__a{fill:#263745} Relative citation ratio: 4.34, Weighted sum of stars: 2.0,Very Good,22-Feb-17,Cao L et al.,Controversial
"Extensive genetic diversity, unique population structure and evidence of genetic exchange in the sexually transmitted parasite Trichomonas vaginalis.",https://doi.org/10.1371/journal.pntd.0001573,22479659,Score 14.0,.icon_cite_svg__icon_cite.icon_cite_svg__a{fill:#263745} Relative citation ratio: 2.75, Weighted sum of stars: 3.0,Very Good,4-Dec-12,Conrad MD et al.,New Finding
Serum metabolomics reveals serotonin as a predictor of severe dengue in the early phase of dengue fever.,https://doi.org/10.1371/journal.pntd.0004607,27055163,Score 9.3,.icon_cite_svg__icon_cite.icon_cite_svg__a{fill:#263745} Relative citation ratio: 2.5, Weighted sum of stars: 2.0,Very Good,19-Jun-16,Cui L et al.,New Finding
Low Protective Efficacy of the Current Japanese Encephalitis Vaccine against the Emerging Genotype 5 Japanese Encephalitis Virus.,https://doi.org/10.1371/journal.pntd.0004686,27139722,Score 9.4,.icon_cite_svg__icon_cite.icon_cite_svg__a{fill:#263745} Relative citation ratio: 4.34, Weighted sum of stars: 2.0,Very Good,22-Feb-17,Cao L et al.,New Finding
"Sporotrichosis: an emerging neglected opportunistic infection in HIV-infected patients in Rio de Janeiro, Brazil.",https://doi.org/10.1371/journal.pntd.0003110,25166475,Score 4.8,.icon_cite_svg__icon_cite.icon_cite_svg__a{fill:#263745} Relative citation ratio: 3.01, Weighted sum of stars: 1.0,Good,1-Jun-16,Freitas DF et al.,Confirmation
The incidence of Japanese encephalitis in Taiwan--a population-based study.,https://doi.org/10.1371/journal.pntd.0003030,25058573,Score 4.7,.icon_cite_svg__icon_cite.icon_cite_svg__a{fill:#263745} Relative citation ratio: 1.57, Weighted sum of stars: 1.0,Good,22-Feb-17,Hsu LC et al.,New Finding
Dual Combined Real-Time Reverse Transcription Polymerase Chain Reaction Assay for the Diagnosis of Lyssavirus Infection.,https://doi.org/10.1371/journal.pntd.0004812,27380028,Score 4.7,.icon_cite_svg__icon_cite.icon_cite_svg__a{fill:#263745} Relative citation ratio: 1.36, Weighted sum of stars: 1.0,Good,8-Feb-17,Dacheux L et al.,New Finding
Diabetes with hypertension as risk factors for adult dengue hemorrhagic fever in a predominantly dengue serotype 2 epidemic: a case control study.,https://doi.org/10.1371/journal.pntd.0001641,22563519,Score 4.8,.icon_cite_svg__icon_cite.icon_cite_svg__a{fill:#263745} Relative citation ratio: 3.58, Weighted sum of stars: 1.0,Good,10-Jan-16,Pang J et al.,New Finding
Cissampelos pareira Linn: Natural Source of Potent Antiviral Activity against All Four Dengue Virus Serotypes.,https://doi.org/10.1371/journal.pntd.0004255,26709822,Score 4.7,.icon_cite_svg__icon_cite.icon_cite_svg__a{fill:#263745} Relative citation ratio: 2.28, Weighted sum of stars: 1.0,Good,11-May-16,Sood R et al.,New Finding
Dual Combined Real-Time Reverse Transcription Polymerase Chain Reaction Assay for the Diagnosis of Lyssavirus Infection.,https://doi.org/10.1371/journal.pntd.0004812,27380028,Score 4.7,.icon_cite_svg__icon_cite.icon_cite_svg__a{fill:#263745} Relative citation ratio: 1.36, Weighted sum of stars: 1.0,Good,8-Feb-17,Dacheux L et al.,Technical Advance
Clinical features of dengue in a large Vietnamese cohort: intrinsically lower platelet counts and greater risk for bleeding in adults than children.,https://doi.org/10.1371/journal.pntd.0001679,22745839,Score 4.7,.icon_cite_svg__icon_cite.icon_cite_svg__a{fill:#263745} Relative citation ratio: 2.56, Weighted sum of stars: 1.0,Good,10-Jan-16,Trung DT et al.,New Finding
"Evaluation of Parasiticide Treatment with Benznidazol in the Electrocardiographic, Clinical, and Serological Evolution of Chagas Disease.",https://doi.org/10.1371/journal.pntd.0004508,26974551,Score 9.3,.icon_cite_svg__icon_cite.icon_cite_svg__a{fill:#263745} Relative citation ratio: 1.84, Weighted sum of stars: 2.0,Very Good,5-May-16,Fragata-Filho AA et al.,Confirmation
A spatiotemporal database to track human scrub typhus using the vectormap application.,https://doi.org/10.1371/journal.pntd.0004161,26678263,Score 4.7,.icon_cite_svg__icon_cite.icon_cite_svg__a{fill:#263745} Relative citation ratio: 1.26, Weighted sum of stars: 1.0,Good,17-Feb-16,Kelly DJ et al.,Confirmation
Evaluation of six commercially available rapid immunochromatographic tests for the diagnosis of rabies in brain material.,https://doi.org/10.1371/journal.pntd.0004776,27336943,Score 4.7,.icon_cite_svg__icon_cite.icon_cite_svg__a{fill:#263745} Relative citation ratio: 2.2, Weighted sum of stars: 1.0,Good,8-Feb-17,Eggerbauer E et al.,New Finding
Validation of a rapid rabies diagnostic tool for field surveillance in developing countries.,https://doi.org/10.1371/journal.pntd.0005010,27706156,Score 4.8,.icon_cite_svg__icon_cite.icon_cite_svg__a{fill:#263745} Relative citation ratio: 2.97, Weighted sum of stars: 1.0,Good,8-Feb-17,Léchenne M et al.,New Finding
Validation of a rapid rabies diagnostic tool for field surveillance in developing countries.,https://doi.org/10.1371/journal.pntd.0005010,27706156,Score 4.8,.icon_cite_svg__icon_cite.icon_cite_svg__a{fill:#263745} Relative citation ratio: 2.97, Weighted sum of stars: 1.0,Good,8-Feb-17,Léchenne M et al.,Technical Advance
Suppression of a Field Population of Aedes aegypti in Brazil by Sustained Release of Transgenic Male Mosquitoes.,https://doi.org/10.1371/journal.pntd.0003864,26135160,Score 5.4,.icon_cite_svg__icon_cite.icon_cite_svg__a{fill:#263745} Relative citation ratio: 13.46, Weighted sum of stars: 1.0,Good,7-Jan-16,Carvalho DO et al.,New Finding
Socio-economic and Climate Factors Associated with Dengue Fever Spatial Heterogeneity: A Worked Example in New Caledonia.,https://doi.org/10.1371/journal.pntd.0004211,26624008,Score 9.3,.icon_cite_svg__icon_cite.icon_cite_svg__a{fill:#263745} Relative citation ratio: 2.33, Weighted sum of stars: 2.0,Very Good,21-Dec-15,Teurlai M et al.,Confirmation
Socio-economic and Climate Factors Associated with Dengue Fever Spatial Heterogeneity: A Worked Example in New Caledonia.,https://doi.org/10.1371/journal.pntd.0004211,26624008,Score 9.3,.icon_cite_svg__icon_cite.icon_cite_svg__a{fill:#263745} Relative citation ratio: 2.33, Weighted sum of stars: 2.0,Very Good,21-Dec-15,Teurlai M et al.,Good for Teaching
A spatiotemporal database to track human scrub typhus using the vectormap application.,https://doi.org/10.1371/journal.pntd.0004161,26678263,Score 4.7,.icon_cite_svg__icon_cite.icon_cite_svg__a{fill:#263745} Relative citation ratio: 1.26, Weighted sum of stars: 1.0,Good,17-Feb-16,Kelly DJ et al.,Good for Teaching
Overlooked Risk for Chronic Kidney Disease after Leptospiral Infection: A Population-Based Survey and Epidemiological Cohort Evidence.,https://doi.org/10.1371/journal.pntd.0004105,26452161,Score 9.3,.icon_cite_svg__icon_cite.icon_cite_svg__a{fill:#263745} Relative citation ratio: 2.53, Weighted sum of stars: 2.0,Very Good,10-Feb-16,Yang HY et al.,New Finding
Utility of repeated praziquantel dosing in the treatment of schistosomiasis in high-risk communities in Africa: a systematic review.,https://doi.org/10.1371/journal.pntd.0001321,21949893,Score 4.8,.icon_cite_svg__icon_cite.icon_cite_svg__a{fill:#263745} Relative citation ratio: 3.93, Weighted sum of stars: 1.0,Good,18-Oct-15,King CH et al.,Interesting Hypothesis
Sensitivity and specificity of multiple Kato-Katz thick smears and a circulating cathodic antigen test for Schistosoma mansoni diagnosis pre- and post-repeated-praziquantel treatment.,https://doi.org/10.1371/journal.pntd.0003139,25211217,Score 4.9,.icon_cite_svg__icon_cite.icon_cite_svg__a{fill:#263745} Relative citation ratio: 5.93, Weighted sum of stars: 1.0,Good,18-Oct-15,Lamberton PH et al.,New Finding
"It's time to dispel the myth of ""asymptomatic"" schistosomiasis.",https://doi.org/10.1371/journal.pntd.0003504,25695740,Score 9.4,.icon_cite_svg__icon_cite.icon_cite_svg__a{fill:#263745} Relative citation ratio: 2.71, Weighted sum of stars: 2.0,Very Good,18-Oct-15,King CH,New Finding
Suppression of the Insulin Receptors in Adult Schistosoma japonicum Impacts on Parasite Growth and Development: Further Evidence of Vaccine Potential.,https://doi.org/10.1371/journal.pntd.0003730,25961574,Score 4.7,.icon_cite_svg__icon_cite.icon_cite_svg__a{fill:#263745} Relative citation ratio: 1.79, Weighted sum of stars: 1.0,Good,18-Oct-15,You H et al.,New Finding
The prawn Macrobrachium vollenhovenii in the Senegal River basin: towards sustainable restocking of all-male populations for biological control of schistosomiasis.,https://doi.org/10.1371/journal.pntd.0003060,25166746,Score 4.7,.icon_cite_svg__icon_cite.icon_cite_svg__a{fill:#263745} Relative citation ratio: 1.26, Weighted sum of stars: 1.0,Good,18-Oct-15,Savaya Alkalay A et al.,New Finding
The schistosome oesophageal gland: initiator of blood processing.,https://doi.org/10.1371/journal.pntd.0002337,23936568,Score 9.3,.icon_cite_svg__icon_cite.icon_cite_svg__a{fill:#263745} Relative citation ratio: 1.82, Weighted sum of stars: 2.0,Very Good,18-Oct-15,Li XH et al.,New Finding
Sensitivity and Specificity of a Urine Circulating Anodic Antigen Test for the Diagnosis of Schistosoma haematobium in Low Endemic Settings.,https://doi.org/10.1371/journal.pntd.0003752,25973845,Score 4.9,.icon_cite_svg__icon_cite.icon_cite_svg__a{fill:#263745} Relative citation ratio: 5.29, Weighted sum of stars: 1.0,Good,18-Oct-15,Knopp S et al.,New Finding
Antibody prevalence and factors associated with exposure to Orientia tsutsugamushi in different aboriginal subgroups in West Malaysia.,https://doi.org/10.1371/journal.pntd.0002341,23936576,Score 4.7,.icon_cite_svg__icon_cite.icon_cite_svg__a{fill:#263745} Relative citation ratio: 1.45, Weighted sum of stars: 1.0,Good,26-Jul-15,Tay ST et al.,Confirmation
Evaluation of circulating cathodic antigen (CCA) urine-tests for diagnosis of Schistosoma mansoni infection in Cameroon.,https://doi.org/10.1371/journal.pntd.0001758,22860148,Score 4.8,.icon_cite_svg__icon_cite.icon_cite_svg__a{fill:#263745} Relative citation ratio: 3.9, Weighted sum of stars: 1.0,Good,18-Oct-15,Tchuem Tchuenté LA et al.,New Finding
Antibody prevalence and factors associated with exposure to Orientia tsutsugamushi in different aboriginal subgroups in West Malaysia.,https://doi.org/10.1371/journal.pntd.0002341,23936576,Score 4.7,.icon_cite_svg__icon_cite.icon_cite_svg__a{fill:#263745} Relative citation ratio: 1.45, Weighted sum of stars: 1.0,Good,26-Jul-15,Tay ST et al.,Good for Teaching
Sensitivity and specificity of a novel classifier for the early diagnosis of dengue.,https://doi.org/10.1371/journal.pntd.0003638,25836753,Score 9.3,.icon_cite_svg__icon_cite.icon_cite_svg__a{fill:#263745} Relative citation ratio: 1.14, Weighted sum of stars: 2.0,Very Good,11-Jun-15,Tuan NM et al.,Confirmation
Accuracy of urine circulating cathodic antigen (CCA) test for Schistosoma mansoni diagnosis in different settings of Côte d'Ivoire.,https://doi.org/10.1371/journal.pntd.0001384,22132246,Score 4.9,.icon_cite_svg__icon_cite.icon_cite_svg__a{fill:#263745} Relative citation ratio: 4.67, Weighted sum of stars: 1.0,Good,18-Oct-15,Coulibaly JT et al.,New Finding
Clinical efficacy and tolerability of praziquantel for intestinal and urinary schistosomiasis-a meta-analysis of comparative and non-comparative clinical trials.,https://doi.org/10.1371/journal.pntd.0003286,25412105,Score 4.9,.icon_cite_svg__icon_cite.icon_cite_svg__a{fill:#263745} Relative citation ratio: 5.06, Weighted sum of stars: 1.0,Good,18-Oct-15,"Zwang J, Olliaro PL",Novel Drug Target
Sensitivity and specificity of a novel classifier for the early diagnosis of dengue.,https://doi.org/10.1371/journal.pntd.0003638,25836753,Score 9.3,.icon_cite_svg__icon_cite.icon_cite_svg__a{fill:#263745} Relative citation ratio: 1.14, Weighted sum of stars: 2.0,Very Good,11-Jun-15,Tuan NM et al.,Good for Teaching
Molecular characterization of Cryptosporidium spp. among children in rural Ghana.,https://doi.org/10.1371/journal.pntd.0003551,25749411,Score 9.3,.icon_cite_svg__icon_cite.icon_cite_svg__a{fill:#263745} Relative citation ratio: 2.22, Weighted sum of stars: 2.0,Very Good,10-May-15,Eibach D et al.,Good for Teaching
The Heme Transport Capacity of LHR1 Determines the Extent of Virulence in Leishmania amazonensis.,https://doi.org/10.1371/journal.pntd.0003804,26001191,Score 9.3,.icon_cite_svg__icon_cite.icon_cite_svg__a{fill:#263745} Relative citation ratio: 0.91, Weighted sum of stars: 2.0,Very Good,23-Sep-15,Renberg RL et al.,New Finding
Molecular characterization of Cryptosporidium spp. among children in rural Ghana.,https://doi.org/10.1371/journal.pntd.0003551,25749411,Score 9.3,.icon_cite_svg__icon_cite.icon_cite_svg__a{fill:#263745} Relative citation ratio: 2.22, Weighted sum of stars: 2.0,Very Good,10-May-15,Eibach D et al.,Technical Advance
Long-term survival and virulence of Mycobacterium leprae in amoebal cysts.,https://doi.org/10.1371/journal.pntd.0003405,25521850,Score 9.4,.icon_cite_svg__icon_cite.icon_cite_svg__a{fill:#263745} Relative citation ratio: 2.78, Weighted sum of stars: 2.0,Very Good,11-Jan-15,Wheat WH et al.,Interesting Hypothesis
"Luciferase-expressing Leishmania infantum allows the monitoring of amastigote population size, in vivo, ex vivo and in vitro.",https://doi.org/10.1371/journal.pntd.0001323,21931877,Score 4.7,.icon_cite_svg__icon_cite.icon_cite_svg__a{fill:#263745} Relative citation ratio: 1.59, Weighted sum of stars: 1.0,Good,23-Sep-15,Michel G et al.,New Finding
Urbanization of scrub typhus disease in South Korea.,https://doi.org/10.1371/journal.pntd.0003814,26000454,Score 9.4,.icon_cite_svg__icon_cite.icon_cite_svg__a{fill:#263745} Relative citation ratio: 3.6, Weighted sum of stars: 2.0,Very Good,21-Sep-15,Park SW et al.,Good for Teaching
Long-term survival and virulence of Mycobacterium leprae in amoebal cysts.,https://doi.org/10.1371/journal.pntd.0003405,25521850,Score 9.4,.icon_cite_svg__icon_cite.icon_cite_svg__a{fill:#263745} Relative citation ratio: 2.78, Weighted sum of stars: 2.0,Very Good,11-Jan-15,Wheat WH et al.,New Finding
Co-evolution between an endosymbiont and its nematode host: Wolbachia asymmetric posterior localization and AP polarity establishment.,https://doi.org/10.1371/journal.pntd.0003096,25165813,Score 4.7,.icon_cite_svg__icon_cite.icon_cite_svg__a{fill:#263745} Relative citation ratio: 1.29, Weighted sum of stars: 1.0,Good,6-Nov-14,Landmann F et al.,New Finding
Detection of circulating parasite-derived microRNAs in filarial infections.,https://doi.org/10.1371/journal.pntd.0002971,25033073,Score 4.8,.icon_cite_svg__icon_cite.icon_cite_svg__a{fill:#263745} Relative citation ratio: 3.11, Weighted sum of stars: 1.0,Good,7-Aug-14,Tritten L et al.,New Finding
Development of Recombinase Polymerase Amplification Assays for Detection of Orientia tsutsugamushi or Rickettsia typhi.,https://doi.org/10.1371/journal.pntd.0003884,26161793,Score 9.3,.icon_cite_svg__icon_cite.icon_cite_svg__a{fill:#263745} Relative citation ratio: 2.51, Weighted sum of stars: 2.0,Very Good,26-Jul-15,Chao CC et al.,Technical Advance
Detection of Rickettsia spp in ticks by MALDI-TOF MS.,https://doi.org/10.1371/journal.pntd.0003473,25659152,Score 4.7,.icon_cite_svg__icon_cite.icon_cite_svg__a{fill:#263745} Relative citation ratio: 2.47, Weighted sum of stars: 1.0,Good,26-Jul-15,Yssouf A et al.,Good for Teaching
Detection of Rickettsia spp in ticks by MALDI-TOF MS.,https://doi.org/10.1371/journal.pntd.0003473,25659152,Score 4.7,.icon_cite_svg__icon_cite.icon_cite_svg__a{fill:#263745} Relative citation ratio: 2.47, Weighted sum of stars: 1.0,Good,26-Jul-15,Yssouf A et al.,New Finding
Detection of circulating parasite-derived microRNAs in filarial infections.,https://doi.org/10.1371/journal.pntd.0002971,25033073,Score 4.8,.icon_cite_svg__icon_cite.icon_cite_svg__a{fill:#263745} Relative citation ratio: 3.11, Weighted sum of stars: 1.0,Good,7-Aug-14,Tritten L et al.,Technical Advance
Synergy testing of FDA-approved drugs identifies potent drug combinations against Trypanosoma cruzi.,https://doi.org/10.1371/journal.pntd.0002977,25033456,Score 27.8,.icon_cite_svg__icon_cite.icon_cite_svg__a{fill:#263745} Relative citation ratio: 3.2, Weighted sum of stars: 6.0,Very Good,27-Jul-14,Planer JD et al.,Good for Teaching
Synergy testing of FDA-approved drugs identifies potent drug combinations against Trypanosoma cruzi.,https://doi.org/10.1371/journal.pntd.0002977,25033456,Score 27.8,.icon_cite_svg__icon_cite.icon_cite_svg__a{fill:#263745} Relative citation ratio: 3.2, Weighted sum of stars: 6.0,Very Good,27-Jul-14,Planer JD et al.,Interesting Hypothesis
Synergy testing of FDA-approved drugs identifies potent drug combinations against Trypanosoma cruzi.,https://doi.org/10.1371/journal.pntd.0002977,25033456,Score 27.8,.icon_cite_svg__icon_cite.icon_cite_svg__a{fill:#263745} Relative citation ratio: 3.2, Weighted sum of stars: 6.0,Very Good,27-Jul-14,Planer JD et al.,New Finding
Synergy testing of FDA-approved drugs identifies potent drug combinations against Trypanosoma cruzi.,https://doi.org/10.1371/journal.pntd.0002977,25033456,Score 27.8,.icon_cite_svg__icon_cite.icon_cite_svg__a{fill:#263745} Relative citation ratio: 3.2, Weighted sum of stars: 6.0,Very Good,27-Jul-14,Planer JD et al.,Novel Drug Target
Synergy testing of FDA-approved drugs identifies potent drug combinations against Trypanosoma cruzi.,https://doi.org/10.1371/journal.pntd.0002977,25033456,Score 27.8,.icon_cite_svg__icon_cite.icon_cite_svg__a{fill:#263745} Relative citation ratio: 3.2, Weighted sum of stars: 6.0,Very Good,27-Jul-14,Planer JD et al.,Technical Advance
Scabies mites alter the skin microbiome and promote growth of opportunistic pathogens in a porcine model.,https://doi.org/10.1371/journal.pntd.0002897,24875186,Score 9.3,.icon_cite_svg__icon_cite.icon_cite_svg__a{fill:#263745} Relative citation ratio: 2.53, Weighted sum of stars: 2.0,Very Good,22-Jun-14,Swe PM et al.,Interesting Hypothesis
An in-depth analysis of a piece of shit: distribution of Schistosoma mansoni and hookworm eggs in human stool.,https://doi.org/10.1371/journal.pntd.0001969,23285307,Score 4.8,.icon_cite_svg__icon_cite.icon_cite_svg__a{fill:#263745} Relative citation ratio: 2.85, Weighted sum of stars: 1.0,Good,10-Feb-13,Krauth SJ et al.,Technical Advance
Scabies mites alter the skin microbiome and promote growth of opportunistic pathogens in a porcine model.,https://doi.org/10.1371/journal.pntd.0002897,24875186,Score 9.3,.icon_cite_svg__icon_cite.icon_cite_svg__a{fill:#263745} Relative citation ratio: 2.53, Weighted sum of stars: 2.0,Very Good,22-Jun-14,Swe PM et al.,New Finding
Cytokine network in scrub typhus: high levels of interleukin-8 are associated with disease severity and mortality.,https://doi.org/10.1371/journal.pntd.0002648,24516677,Score 4.7,.icon_cite_svg__icon_cite.icon_cite_svg__a{fill:#263745} Relative citation ratio: 1.35, Weighted sum of stars: 1.0,Good,22-May-14,Astrup E et al.,Confirmation
Cytokine network in scrub typhus: high levels of interleukin-8 are associated with disease severity and mortality.,https://doi.org/10.1371/journal.pntd.0002648,24516677,Score 4.7,.icon_cite_svg__icon_cite.icon_cite_svg__a{fill:#263745} Relative citation ratio: 1.35, Weighted sum of stars: 1.0,Good,22-May-14,Astrup E et al.,Good for Teaching
Chronic helminth infection does not exacerbate Mycobacterium tuberculosis infection.,https://doi.org/10.1371/journal.pntd.0001970,23285308,Score 4.7,.icon_cite_svg__icon_cite.icon_cite_svg__a{fill:#263745} Relative citation ratio: 1.09, Weighted sum of stars: 1.0,Good,10-Feb-13,Hübner MP et al.,New Finding
Transcriptional profiling of the bladder in urogenital schistosomiasis reveals pathways of inflammatory fibrosis and urothelial compromise.,https://doi.org/10.1371/journal.pntd.0001912,23209855,Score 9.3,.icon_cite_svg__icon_cite.icon_cite_svg__a{fill:#263745} Relative citation ratio: 1.21, Weighted sum of stars: 2.0,Very Good,3-Jan-13,Ray D et al.,New Finding
Cytokine network in scrub typhus: high levels of interleukin-8 are associated with disease severity and mortality.,https://doi.org/10.1371/journal.pntd.0002648,24516677,Score 4.7,.icon_cite_svg__icon_cite.icon_cite_svg__a{fill:#263745} Relative citation ratio: 1.35, Weighted sum of stars: 1.0,Good,22-May-14,Astrup E et al.,New Finding
Orientia tsutsugamushi subverts dendritic cell functions by escaping from autophagy and impairing their migration.,https://doi.org/10.1371/journal.pntd.0001981,23301113,Score 4.7,.icon_cite_svg__icon_cite.icon_cite_svg__a{fill:#263745} Relative citation ratio: 1.35, Weighted sum of stars: 1.0,Good,22-May-14,Choi JH et al.,Good for Teaching
Orientia tsutsugamushi subverts dendritic cell functions by escaping from autophagy and impairing their migration.,https://doi.org/10.1371/journal.pntd.0001981,23301113,Score 4.7,.icon_cite_svg__icon_cite.icon_cite_svg__a{fill:#263745} Relative citation ratio: 1.35, Weighted sum of stars: 1.0,Good,22-May-14,Choi JH et al.,New Finding
Transcriptional profiling of the bladder in urogenital schistosomiasis reveals pathways of inflammatory fibrosis and urothelial compromise.,https://doi.org/10.1371/journal.pntd.0001912,23209855,Score 9.3,.icon_cite_svg__icon_cite.icon_cite_svg__a{fill:#263745} Relative citation ratio: 1.21, Weighted sum of stars: 2.0,Very Good,3-Jan-13,Ray D et al.,Novel Drug Target
Quinolone resistance in absence of selective pressure: the experience of a very remote community in the Amazon forest.,https://doi.org/10.1371/journal.pntd.0001790,22953012,Score 9.2,.icon_cite_svg__icon_cite.icon_cite_svg__a{fill:#263745} Relative citation ratio: 0.64, Weighted sum of stars: 2.0,Very Good,18-Dec-12,Pallecchi L et al.,Interesting Hypothesis
Quinolone resistance in absence of selective pressure: the experience of a very remote community in the Amazon forest.,https://doi.org/10.1371/journal.pntd.0001790,22953012,Score 9.2,.icon_cite_svg__icon_cite.icon_cite_svg__a{fill:#263745} Relative citation ratio: 0.64, Weighted sum of stars: 2.0,Very Good,18-Dec-12,Pallecchi L et al.,New Finding
Sporotrichosis in sub-himalayan India.,https://doi.org/10.1371/journal.pntd.0001673,22720100,Score 4.7,.icon_cite_svg__icon_cite.icon_cite_svg__a{fill:#263745} Relative citation ratio: 1.46, Weighted sum of stars: 1.0,Good,17-Dec-12,Verma S et al.,New Finding
Investigation of the proteolytic functions of an expanded cercarial elastase gene family in Schistosoma mansoni.,https://doi.org/10.1371/journal.pntd.0001589,22509414,Score 9.3,.icon_cite_svg__icon_cite.icon_cite_svg__a{fill:#263745} Relative citation ratio: 1.16, Weighted sum of stars: 2.0,Very Good,11-Dec-12,Ingram JR et al.,Interesting Hypothesis
Investigation of the proteolytic functions of an expanded cercarial elastase gene family in Schistosoma mansoni.,https://doi.org/10.1371/journal.pntd.0001589,22509414,Score 9.3,.icon_cite_svg__icon_cite.icon_cite_svg__a{fill:#263745} Relative citation ratio: 1.16, Weighted sum of stars: 2.0,Very Good,11-Dec-12,Ingram JR et al.,Novel Drug Target
Evidence of gene conversion in genes encoding the Gal/GalNac lectin complex of Entamoeba.,https://doi.org/10.1371/journal.pntd.0001209,21738808,Score 9.2,.icon_cite_svg__icon_cite.icon_cite_svg__a{fill:#263745} Relative citation ratio: 0.39, Weighted sum of stars: 2.0,Good,28-Jul-11,Weedall GD et al.,New Finding
A replicating cytomegalovirus-based vaccine encoding a single Ebola virus nucleoprotein CTL epitope confers protection against Ebola virus.,https://doi.org/10.1371/journal.pntd.0001275,21858240,Score 4.7,.icon_cite_svg__icon_cite.icon_cite_svg__a{fill:#263745} Relative citation ratio: 1.92, Weighted sum of stars: 1.0,Good,1-Sep-11,Tsuda Y et al.,New Finding
Estimating and mapping the population at risk of sleeping sickness.,https://doi.org/10.1371/journal.pntd.0001859,23145192,Score 5.0,.icon_cite_svg__icon_cite.icon_cite_svg__a{fill:#263745} Relative citation ratio: 7.97, Weighted sum of stars: 1.0,Good,1-Nov-12,Simarro PP et al.,New Finding
Untreated human infections by Trypanosoma brucei gambiense are not 100% fatal.,https://doi.org/10.1371/journal.pntd.0001691,22720107,Score 9.5,.icon_cite_svg__icon_cite.icon_cite_svg__a{fill:#263745} Relative citation ratio: 4.58, Weighted sum of stars: 2.0,Very Good,16-Sep-12,Jamonneau V et al.,New Finding
A replicating cytomegalovirus-based vaccine encoding a single Ebola virus nucleoprotein CTL epitope confers protection against Ebola virus.,https://doi.org/10.1371/journal.pntd.0001275,21858240,Score 4.7,.icon_cite_svg__icon_cite.icon_cite_svg__a{fill:#263745} Relative citation ratio: 1.92, Weighted sum of stars: 1.0,Good,1-Sep-11,Tsuda Y et al.,Technical Advance
"Determinants of inapparent and symptomatic dengue infection in a prospective study of primary school children in Kamphaeng Phet, Thailand.",https://doi.org/10.1371/journal.pntd.0000975,21390158,Score 4.9,.icon_cite_svg__icon_cite.icon_cite_svg__a{fill:#263745} Relative citation ratio: 5.57, Weighted sum of stars: 1.0,Good,27-Mar-11,Endy TP et al.,
"Polyethyleneimine (PEI) mediated siRNA gene silencing in the Schistosoma mansoni snail host, Biomphalaria glabrata.",https://doi.org/10.1371/journal.pntd.0001212,21765961,Score 4.7,.icon_cite_svg__icon_cite.icon_cite_svg__a{fill:#263745} Relative citation ratio: 0.96, Weighted sum of stars: 1.0,Good,27-Mar-12,Knight M et al.,Technical Advance
Negative regulation of Schistosoma japonicum egg-induced liver fibrosis by natural killer cells.,https://doi.org/10.1371/journal.pntd.0001456,22235358,Score 4.6,.icon_cite_svg__icon_cite.icon_cite_svg__a{fill:#263745} Relative citation ratio: 0.76, Weighted sum of stars: 1.0,Good,27-Mar-12,Hou X et al.,Confirmation
Randomized clinical trial on ivermectin versus thiabendazole for the treatment of strongyloidiasis.,https://doi.org/10.1371/journal.pntd.0001254,21814588,Score 9.3,.icon_cite_svg__icon_cite.icon_cite_svg__a{fill:#263745} Relative citation ratio: 2.58, Weighted sum of stars: 2.0,Very Good,1-Sep-11,Bisoffi Z et al.,Confirmation
Miltefosine in the treatment of cutaneous leishmaniasis caused by Leishmania braziliensis in Brazil: a randomized and controlled trial.,https://doi.org/10.1371/journal.pntd.0000912,21200420,Score 9.5,.icon_cite_svg__icon_cite.icon_cite_svg__a{fill:#263745} Relative citation ratio: 5.25, Weighted sum of stars: 2.0,Very Good,2-Mar-11,Machado PR et al.,
Asymmetric Wolbachia segregation during early Brugia malayi embryogenesis determines its distribution in adult host tissues.,https://doi.org/10.1371/journal.pntd.0000758,20689574,Score 18.5,.icon_cite_svg__icon_cite.icon_cite_svg__a{fill:#263745} Relative citation ratio: 1.93, Weighted sum of stars: 4.0,Very Good,10-Jan-11,Landmann F et al.,New Finding
Lymphatic filariasis: a method to identify subclinical lower limb change in PNG adolescents.,https://doi.org/10.1371/journal.pntd.0001242,21811644,Score 4.6,.icon_cite_svg__icon_cite.icon_cite_svg__a{fill:#263745} Relative citation ratio: 0.6, Weighted sum of stars: 1.0,Good,25-Aug-11,Gordon S et al.,Technical Advance
A screen against Leishmania intracellular amastigotes: comparison to a promastigote screen and identification of a host cell-specific hit.,https://doi.org/10.1371/journal.pntd.0001253,21811648,Score 9.5,.icon_cite_svg__icon_cite.icon_cite_svg__a{fill:#263745} Relative citation ratio: 5.29, Weighted sum of stars: 2.0,Very Good,21-Aug-11,De Muylder G et al.,Controversial
A screen against Leishmania intracellular amastigotes: comparison to a promastigote screen and identification of a host cell-specific hit.,https://doi.org/10.1371/journal.pntd.0001253,21811648,Score 9.5,.icon_cite_svg__icon_cite.icon_cite_svg__a{fill:#263745} Relative citation ratio: 5.29, Weighted sum of stars: 2.0,Very Good,21-Aug-11,De Muylder G et al.,New Finding
A screen against Leishmania intracellular amastigotes: comparison to a promastigote screen and identification of a host cell-specific hit.,https://doi.org/10.1371/journal.pntd.0001253,21811648,Score 9.5,.icon_cite_svg__icon_cite.icon_cite_svg__a{fill:#263745} Relative citation ratio: 5.29, Weighted sum of stars: 2.0,Very Good,21-Aug-11,De Muylder G et al.,Novel Drug Target
Asymmetric Wolbachia segregation during early Brugia malayi embryogenesis determines its distribution in adult host tissues.,https://doi.org/10.1371/journal.pntd.0000758,20689574,Score 18.5,.icon_cite_svg__icon_cite.icon_cite_svg__a{fill:#263745} Relative citation ratio: 1.93, Weighted sum of stars: 4.0,Very Good,10-Jan-11,Landmann F et al.,Technical Advance
A screen against Leishmania intracellular amastigotes: comparison to a promastigote screen and identification of a host cell-specific hit.,https://doi.org/10.1371/journal.pntd.0001253,21811648,Score 9.5,.icon_cite_svg__icon_cite.icon_cite_svg__a{fill:#263745} Relative citation ratio: 5.29, Weighted sum of stars: 2.0,Very Good,21-Aug-11,De Muylder G et al.,Technical Advance
The potential economic value of a Trypanosoma cruzi (Chagas disease) vaccine in Latin America.,https://doi.org/10.1371/journal.pntd.0000916,21179503,Score 4.7,.icon_cite_svg__icon_cite.icon_cite_svg__a{fill:#263745} Relative citation ratio: 1.84, Weighted sum of stars: 1.0,Good,1-Feb-11,Lee BY et al.,
"SCYX-7158, an orally-active benzoxaborole for the treatment of stage 2 human African trypanosomiasis.",https://doi.org/10.1371/journal.pntd.0001151,21738803,Score 14.2,.icon_cite_svg__icon_cite.icon_cite_svg__a{fill:#263745} Relative citation ratio: 6.56, Weighted sum of stars: 3.0,Good,19-Jul-11,Jacobs RT et al.,New Finding
International study to evaluate PCR methods for detection of Trypanosoma cruzi DNA in blood samples from Chagas disease patients.,https://doi.org/10.1371/journal.pntd.0000931,21264349,Score 9.8,.icon_cite_svg__icon_cite.icon_cite_svg__a{fill:#263745} Relative citation ratio: 10.39, Weighted sum of stars: 2.0,Very Good,25-Jan-11,Schijman AG et al.,Technical Advance
Increased vascularity in cervicovaginal mucosa with Schistosoma haematobium infection.,https://doi.org/10.1371/journal.pntd.0001170,21666790,Score 4.7,.icon_cite_svg__icon_cite.icon_cite_svg__a{fill:#263745} Relative citation ratio: 1.85, Weighted sum of stars: 1.0,Good,16-Jun-11,Jourdan PM et al.,New Finding
A randomized controlled trial of chloroquine for the treatment of dengue in Vietnamese adults.,https://doi.org/10.1371/journal.pntd.0000785,20706626,Score 9.5,.icon_cite_svg__icon_cite.icon_cite_svg__a{fill:#263745} Relative citation ratio: 5.84, Weighted sum of stars: 2.0,Very Good,5-Jan-11,Tricou V et al.,
Landscape genetics reveals focal transmission of a human macroparasite.,https://doi.org/10.1371/journal.pntd.0000665,20421919,Score 4.7,.icon_cite_svg__icon_cite.icon_cite_svg__a{fill:#263745} Relative citation ratio: 1.25, Weighted sum of stars: 1.0,Good,10-Nov-10,Criscione CD et al.,New Finding
The case for reactive mass oral cholera vaccinations.,https://doi.org/10.1371/journal.pntd.0000952,21283614,Score 9.3,.icon_cite_svg__icon_cite.icon_cite_svg__a{fill:#263745} Relative citation ratio: 1.74, Weighted sum of stars: 2.0,Very Good,6-Jun-11,Reyburn R et al.,
Evaluation of cost-effective strategies for rabies post-exposure vaccination in low-income countries.,https://doi.org/10.1371/journal.pntd.0000982,21408121,Score 4.8,.icon_cite_svg__icon_cite.icon_cite_svg__a{fill:#263745} Relative citation ratio: 3.25, Weighted sum of stars: 1.0,Good,23-May-11,Hampson K et al.,Confirmation
Prediction of dengue disease severity among pediatric Thai patients using early clinical laboratory indicators.,https://doi.org/10.1371/journal.pntd.0000769,20689812,Score 9.3,.icon_cite_svg__icon_cite.icon_cite_svg__a{fill:#263745} Relative citation ratio: 2.36, Weighted sum of stars: 2.0,Very Good,4-Jan-11,Potts JA et al.,New Finding
The silent epidemic of exclusive university licensing policies on compounds for neglected diseases and beyond.,https://doi.org/10.1371/journal.pntd.0000570,20361025,Score 9.3,.icon_cite_svg__icon_cite.icon_cite_svg__a{fill:#263745} Relative citation ratio: 0.19, Weighted sum of stars: 2.0,Very Good,1-Aug-10,Chen CE et al.,Controversial
Evaluation of cost-effective strategies for rabies post-exposure vaccination in low-income countries.,https://doi.org/10.1371/journal.pntd.0000982,21408121,Score 4.8,.icon_cite_svg__icon_cite.icon_cite_svg__a{fill:#263745} Relative citation ratio: 3.25, Weighted sum of stars: 1.0,Good,23-May-11,Hampson K et al.,Controversial
More accurate insight into the incidence of human rabies in developing countries through validated laboratory techniques.,https://doi.org/10.1371/journal.pntd.0000765,21152054,Score 4.7,.icon_cite_svg__icon_cite.icon_cite_svg__a{fill:#263745} Relative citation ratio: 1.68, Weighted sum of stars: 1.0,Good,17-May-11,Dacheux L et al.,Technical Advance
Clinical outcomes of thirteen patients with acute chagas disease acquired through oral transmission from two urban outbreaks in northeastern Brazil.,https://doi.org/10.1371/journal.pntd.0000711,20559542,Score 4.7,.icon_cite_svg__icon_cite.icon_cite_svg__a{fill:#263745} Relative citation ratio: 2.52, Weighted sum of stars: 1.0,Good,5-Jul-10,Bastos CJ et al.,Confirmation
The feasibility of canine rabies elimination in Africa: dispelling doubts with data.,https://doi.org/10.1371/journal.pntd.0000626,20186330,Score 9.7,.icon_cite_svg__icon_cite.icon_cite_svg__a{fill:#263745} Relative citation ratio: 8.74, Weighted sum of stars: 2.0,Good,27-Apr-10,Lembo T et al.,Confirmation
"RNA interference in Schistosoma mansoni schistosomula: selectivity, sensitivity and operation for larger-scale screening.",https://doi.org/10.1371/journal.pntd.0000850,20976050,Score 4.8,.icon_cite_svg__icon_cite.icon_cite_svg__a{fill:#263745} Relative citation ratio: 2.77, Weighted sum of stars: 1.0,Good,14-Dec-10,Stefanić S et al.,Technical Advance
The feasibility of canine rabies elimination in Africa: dispelling doubts with data.,https://doi.org/10.1371/journal.pntd.0000626,20186330,Score 9.7,.icon_cite_svg__icon_cite.icon_cite_svg__a{fill:#263745} Relative citation ratio: 8.74, Weighted sum of stars: 2.0,Good,27-Apr-10,Lembo T et al.,Technical Advance
In vitro induction of Entamoeba histolytica cyst-like structures from trophozoites.,https://doi.org/10.1371/journal.pntd.0000607,20169067,Score 9.3,.icon_cite_svg__icon_cite.icon_cite_svg__a{fill:#263745} Relative citation ratio: 1.16, Weighted sum of stars: 2.0,Good,22-Mar-10,Aguilar-Díaz H et al.,Controversial
A novel high throughput assay for anthelmintic drug screening and resistance diagnosis by real-time monitoring of parasite motility.,https://doi.org/10.1371/journal.pntd.0000885,21103363,Score 4.8,.icon_cite_svg__icon_cite.icon_cite_svg__a{fill:#263745} Relative citation ratio: 3.59, Weighted sum of stars: 1.0,Good,7-Dec-10,Smout MJ et al.,Technical Advance
A major role for mammals in the ecology of Mycobacterium ulcerans.,https://doi.org/10.1371/journal.pntd.0000791,20706592,Score 18.6,.icon_cite_svg__icon_cite.icon_cite_svg__a{fill:#263745} Relative citation ratio: 4.2, Weighted sum of stars: 4.0,Exceptional,11-Nov-10,Fyfe JA et al.,New Finding
In vitro induction of Entamoeba histolytica cyst-like structures from trophozoites.,https://doi.org/10.1371/journal.pntd.0000607,20169067,Score 9.3,.icon_cite_svg__icon_cite.icon_cite_svg__a{fill:#263745} Relative citation ratio: 1.16, Weighted sum of stars: 2.0,Good,22-Mar-10,Aguilar-Díaz H et al.,Technical Advance
Rabies situation in Cambodia.,https://doi.org/10.1371/journal.pntd.0000511,19907631,Score 4.7,.icon_cite_svg__icon_cite.icon_cite_svg__a{fill:#263745} Relative citation ratio: 2.31, Weighted sum of stars: 1.0,Good,17-Jan-10,Ly S et al.,Confirmation
"Co-authorship network analysis: a powerful tool for strategic planning of research, development and capacity building programs on neglected diseases.",https://doi.org/10.1371/journal.pntd.0000501,19688044,Score 4.7,.icon_cite_svg__icon_cite.icon_cite_svg__a{fill:#263745} Relative citation ratio: 1.35, Weighted sum of stars: 1.0,Good,22-Oct-09,Morel CM et al.,New Finding
"Feasibility, drug safety, and effectiveness of etiological treatment programs for Chagas disease in Honduras, Guatemala, and Bolivia: 10-year experience of Médecins Sans Frontières.",https://doi.org/10.1371/journal.pntd.0000488,19582142,Score 18.6,.icon_cite_svg__icon_cite.icon_cite_svg__a{fill:#263745} Relative citation ratio: 3.95, Weighted sum of stars: 4.0,Exceptional,24-Aug-09,Yun O et al.,New Finding
"Association of the gene polymorphisms IFN-gamma +874, IL-13 -1055 and IL-4 -590 with patterns of reinfection with Schistosoma mansoni.",https://doi.org/10.1371/journal.pntd.0000375,19190772,Score 4.6,.icon_cite_svg__icon_cite.icon_cite_svg__a{fill:#263745} Relative citation ratio: 0.83, Weighted sum of stars: 1.0,Good,26-Feb-09,Gatlin MR et al.,New Finding
Phase change material for thermotherapy of Buruli ulcer: a prospective observational single centre proof-of-principle trial.,https://doi.org/10.1371/journal.pntd.0000380,19221594,Score 4.7,.icon_cite_svg__icon_cite.icon_cite_svg__a{fill:#263745} Relative citation ratio: 0.95, Weighted sum of stars: 1.0,Good,16-Apr-09,Junghanss T et al.,New Finding
Identification of three classes of heteroaromatic compounds with activity against intracellular Trypanosoma cruzi by chemical library screening.,https://doi.org/10.1371/journal.pntd.0000384,19238193,Score 9.3,.icon_cite_svg__icon_cite.icon_cite_svg__a{fill:#263745} Relative citation ratio: 2.35, Weighted sum of stars: 2.0,Very Good,2-Mar-09,Bettiol E et al.,New Finding
Identification of three classes of heteroaromatic compounds with activity against intracellular Trypanosoma cruzi by chemical library screening.,https://doi.org/10.1371/journal.pntd.0000384,19238193,Score 9.3,.icon_cite_svg__icon_cite.icon_cite_svg__a{fill:#263745} Relative citation ratio: 2.35, Weighted sum of stars: 2.0,Very Good,2-Mar-09,Bettiol E et al.,Technical Advance
The prevalence of previously undiagnosed leprosy in the general population of northwest bangladesh.,https://doi.org/10.1371/journal.pntd.0000198,18301731,Score 9.3,.icon_cite_svg__icon_cite.icon_cite_svg__a{fill:#263745} Relative citation ratio: 1.79, Weighted sum of stars: 2.0,Very Good,5-Jan-09,Moet FJ et al.,Interesting Hypothesis
Correlative and dynamic imaging of the hatching biology of Schistosoma japonicum from eggs prepared by high pressure freezing.,https://doi.org/10.1371/journal.pntd.0000334,19002240,Score 4.7,.icon_cite_svg__icon_cite.icon_cite_svg__a{fill:#263745} Relative citation ratio: 0.9, Weighted sum of stars: 1.0,Good,9-Dec-08,Jones MK et al.,New Finding
Correlative and dynamic imaging of the hatching biology of Schistosoma japonicum from eggs prepared by high pressure freezing.,https://doi.org/10.1371/journal.pntd.0000334,19002240,Score 4.7,.icon_cite_svg__icon_cite.icon_cite_svg__a{fill:#263745} Relative citation ratio: 0.9, Weighted sum of stars: 1.0,Good,9-Dec-08,Jones MK et al.,Technical Advance
Tissue invasion by Entamoeba histolytica: evidence of genetic selection and/or DNA reorganization events in organ tropism.,https://doi.org/10.1371/journal.pntd.0000219,18398490,Score 13.9,.icon_cite_svg__icon_cite.icon_cite_svg__a{fill:#263745} Relative citation ratio: 1.28, Weighted sum of stars: 3.0,Very Good,16-Apr-08,Ali IK et al.,Interesting Hypothesis
Tissue invasion by Entamoeba histolytica: evidence of genetic selection and/or DNA reorganization events in organ tropism.,https://doi.org/10.1371/journal.pntd.0000219,18398490,Score 13.9,.icon_cite_svg__icon_cite.icon_cite_svg__a{fill:#263745} Relative citation ratio: 1.28, Weighted sum of stars: 3.0,Very Good,16-Apr-08,Ali IK et al.,New Finding
Elimination of Schistosoma mansoni Adult Worms by Rhesus Macaques: Basis for a Therapeutic Vaccine?,https://doi.org/10.1371/journal.pntd.0000290,18820739,Score 4.7,.icon_cite_svg__icon_cite.icon_cite_svg__a{fill:#263745} Relative citation ratio: 1.8, Weighted sum of stars: 1.0,Good,28-Oct-08,Wilson RA et al.,Interesting Hypothesis
Elimination of Schistosoma mansoni Adult Worms by Rhesus Macaques: Basis for a Therapeutic Vaccine?,https://doi.org/10.1371/journal.pntd.0000290,18820739,Score 4.7,.icon_cite_svg__icon_cite.icon_cite_svg__a{fill:#263745} Relative citation ratio: 1.8, Weighted sum of stars: 1.0,Good,28-Oct-08,Wilson RA et al.,New Finding
Elimination of Schistosoma mansoni Adult Worms by Rhesus Macaques: Basis for a Therapeutic Vaccine?,https://doi.org/10.1371/journal.pntd.0000290,18820739,Score 4.7,.icon_cite_svg__icon_cite.icon_cite_svg__a{fill:#263745} Relative citation ratio: 1.8, Weighted sum of stars: 1.0,Good,28-Oct-08,Wilson RA et al.,Novel Drug Target
RNA interference of Trypanosoma brucei cathepsin B and L affects disease progression in a mouse model.,https://doi.org/10.1371/journal.pntd.0000298,18820745,Score 4.7,.icon_cite_svg__icon_cite.icon_cite_svg__a{fill:#263745} Relative citation ratio: 2.04, Weighted sum of stars: 1.0,Good,19-Oct-08,Abdulla MH et al.,New Finding
RNA interference of Trypanosoma brucei cathepsin B and L affects disease progression in a mouse model.,https://doi.org/10.1371/journal.pntd.0000298,18820745,Score 4.7,.icon_cite_svg__icon_cite.icon_cite_svg__a{fill:#263745} Relative citation ratio: 2.04, Weighted sum of stars: 1.0,Good,19-Oct-08,Abdulla MH et al.,Technical Advance
"Therapeutic effect of a novel oxazolidinone, DA-7867, in BALB/c mice infected with Nocardia brasiliensis.",https://doi.org/10.1371/journal.pntd.0000289,18820738,Score 4.6,.icon_cite_svg__icon_cite.icon_cite_svg__a{fill:#263745} Relative citation ratio: 0.11, Weighted sum of stars: 1.0,Good,10-Sep-08,Vera-Cabrera L et al.,New Finding
The interplay between Entamoeba and enteropathogenic bacteria modulates epithelial cell damage.,https://doi.org/10.1371/journal.pntd.0000266,18648517,Score 4.7,.icon_cite_svg__icon_cite.icon_cite_svg__a{fill:#263745} Relative citation ratio: 1.85, Weighted sum of stars: 1.0,Good,25-Aug-08,Galván-Moroyoqui JM et al.,Interesting Hypothesis
Acute Schistosoma mansoni infection increases susceptibility to systemic SHIV clade C infection in rhesus macaques after mucosal virus exposure.,https://doi.org/10.1371/journal.pntd.0000265,18648516,Score 4.7,.icon_cite_svg__icon_cite.icon_cite_svg__a{fill:#263745} Relative citation ratio: 1.25, Weighted sum of stars: 1.0,Good,31-Jul-08,Chenine AL et al.,Controversial
Acute Schistosoma mansoni infection increases susceptibility to systemic SHIV clade C infection in rhesus macaques after mucosal virus exposure.,https://doi.org/10.1371/journal.pntd.0000265,18648516,Score 4.7,.icon_cite_svg__icon_cite.icon_cite_svg__a{fill:#263745} Relative citation ratio: 1.25, Weighted sum of stars: 1.0,Good,31-Jul-08,Chenine AL et al.,Interesting Hypothesis
Acute Schistosoma mansoni infection increases susceptibility to systemic SHIV clade C infection in rhesus macaques after mucosal virus exposure.,https://doi.org/10.1371/journal.pntd.0000265,18648516,Score 4.7,.icon_cite_svg__icon_cite.icon_cite_svg__a{fill:#263745} Relative citation ratio: 1.25, Weighted sum of stars: 1.0,Good,31-Jul-08,Chenine AL et al.,New Finding
Increased risk for Entamoeba histolytica infection and invasive amebiasis in HIV seropositive men who have sex with men in Taiwan.,https://doi.org/10.1371/journal.pntd.0000175,18301730,Score 4.7,.icon_cite_svg__icon_cite.icon_cite_svg__a{fill:#263745} Relative citation ratio: 2.01, Weighted sum of stars: 1.0,Good,14-Apr-08,Hung CC et al.,New Finding
